record_index,SpellID,Name,Mechanic,Attributes,AttributesEx,AttributesEx2,AttributesEx3,AttributesEx4,AttributesEx5,AttributesEx6,AttributesEx7,SpellLevel,SpellIconID,Effect1,Effect2,Effect3,EffectApplyAuraName1,EffectApplyAuraName2,EffectApplyAuraName3,EffectTriggerSpell1,EffectTriggerSpell2,EffectTriggerSpell3,SpellVisual1,SpellVisual2,SpellFamilyName,MinFactionId,MinReputation,AreaGroupId,SchoolMask
134,458,Brown Horse,21,269844752,0,0,536870912,0,0,131072,0,1,1176,6,6,0,78,32,0,0,0,0,1703,0,0,0,0,0,1
135,459,Gray Wolf,21,269844752,0,0,536870912,0,0,131072,0,1,956,6,6,0,78,32,0,0,0,0,1709,0,0,0,0,0,1
141,468,White Stallion,21,269844752,0,0,536870912,0,0,131072,0,1,1176,6,6,0,78,32,0,0,0,0,1703,0,0,0,0,0,1
143,470,Black Stallion,21,269844752,0,0,536870912,0,0,131072,0,1,1176,6,6,0,78,32,0,0,0,0,1703,0,0,0,0,0,1
144,471,Palamino,21,269844752,0,0,536870912,0,0,131072,0,1,1176,6,6,0,78,32,0,0,0,0,1703,0,0,0,0,0,1
145,472,Pinto,21,269844752,0,0,536870912,0,0,131072,0,1,1176,6,6,0,78,32,0,0,0,0,1703,0,0,0,0,0,1
170,578,Black Wolf,21,269844752,0,0,536870912,0,0,131072,0,1,1178,6,6,0,78,32,0,0,0,0,1709,0,0,0,0,0,1
171,579,Red Wolf,21,269844752,0,0,536870912,0,0,131072,0,1,1178,6,6,0,78,32,0,0,0,0,1709,0,0,0,0,0,1
172,580,Timber Wolf,21,269844752,0,0,536870912,0,0,131072,0,1,1178,6,6,0,78,32,0,0,0,0,1709,0,0,0,0,0,1
173,581,Winter Wolf,21,269844752,0,0,536870912,0,0,131072,0,1,956,6,6,0,78,32,0,0,0,0,1709,0,0,0,0,0,1
929,3363,Nether Drake,21,269844496,0,0,536870912,67108864,0,131072,0,1,1928,6,6,6,78,207,32,0,0,0,7644,0,0,0,0,0,1
1710,5784,Felsteed,21,269844480,131072,0,536870912,0,0,131072,0,20,115,6,6,77,78,32,0,0,0,0,656,0,0,0,0,0,1
2012,6648,Chestnut Mare,21,269844752,0,0,536870912,0,0,131072,0,1,1176,6,6,0,78,32,0,0,0,0,1703,0,0,0,0,0,1
2014,6653,Dire Wolf,21,269844752,0,0,536870912,0,0,131072,0,1,956,6,6,0,78,32,0,0,0,0,1709,0,0,0,0,0,1
2015,6654,Brown Wolf,21,269844752,0,0,536870912,0,0,131072,0,1,1178,6,6,0,78,32,0,0,0,0,1709,0,0,0,0,0,1
2081,6777,Gray Ram,21,269844752,0,0,536870912,0,0,131072,0,1,1177,6,6,0,78,32,0,0,0,0,1704,0,0,0,0,0,1
2118,6896,Black Ram,21,269844752,0,0,536870912,0,0,131072,0,1,1177,6,6,0,78,32,0,0,0,0,1704,0,0,0,0,0,1
2119,6897,Blue Ram,21,269844752,0,0,536870912,0,0,131072,0,1,1177,6,6,0,78,32,0,0,0,0,1704,0,0,0,0,0,1
2120,6898,White Ram,21,269844752,0,0,536870912,0,0,131072,0,1,1177,6,6,0,78,32,0,0,0,0,1704,0,0,0,0,0,1
2121,6899,Brown Ram,21,269844752,0,0,536870912,0,0,131072,0,1,1177,6,6,0,78,32,0,0,0,0,1704,0,0,0,0,0,1
3015,8394,Striped Frostsaber,21,269844752,0,0,536870912,0,0,131072,0,1,916,6,6,0,78,32,0,0,0,0,1708,0,0,0,0,0,1
3016,8395,Emerald Raptor,21,269844752,0,0,536870912,0,0,131072,0,1,1180,6,6,0,78,32,0,0,0,0,1705,0,0,0,0,0,1
3017,8396,Summon Ivory Tallstrider,21,269582352,0,0,0,0,0,131072,0,1,1180,6,0,0,78,0,0,0,0,0,1707,0,0,0,0,0,1
3259,8980,Skeletal Horse,21,269844752,0,0,536870912,0,0,131072,0,1,1241,6,6,0,78,32,0,0,0,0,1706,0,0,0,0,0,1
4101,10787,Black Nightsaber,21,269844752,0,0,536870912,0,0,131072,0,1,836,6,6,0,78,32,0,0,0,0,1708,0,0,0,0,0,1
4102,10788,Leopard,21,269844752,0,0,536870912,0,0,131072,0,1,1181,6,6,0,78,32,0,0,0,0,1708,0,0,0,0,0,1
4103,10789,Spotted Frostsaber,21,269844752,0,0,536870912,0,0,131072,0,1,916,6,6,0,78,32,0,0,0,0,1708,0,0,0,0,0,1
4104,10790,Tiger,21,269844752,0,0,536870912,0,0,131072,0,1,1181,6,6,0,78,32,0,0,0,0,1708,0,0,0,0,0,1
4105,10792,Spotted Panther,21,269844752,0,0,536870912,0,0,131072,0,1,836,6,6,0,78,32,0,0,0,0,1708,0,0,0,0,0,1
4106,10793,Striped Nightsaber,21,269844752,0,0,536870912,0,0,131072,0,1,836,6,6,0,78,32,0,0,0,0,1708,0,0,0,0,0,1
4108,10795,Ivory Raptor,21,269844752,0,0,536870912,0,0,131072,0,1,1180,6,6,0,78,32,0,0,0,0,1705,0,0,0,0,0,1
4109,10796,Turquoise Raptor,21,269844752,0,0,536870912,0,0,131072,0,1,1180,6,6,0,78,32,0,0,0,0,1705,0,0,0,0,0,1
4110,10798,Obsidian Raptor,21,269844752,0,0,536870912,0,0,131072,0,1,1180,6,6,0,78,32,0,0,0,0,1705,0,0,0,0,0,1
4111,10799,Violet Raptor,21,269844752,0,0,536870912,0,0,131072,0,1,1180,6,6,0,78,32,0,0,0,0,1705,0,0,0,0,0,1
4112,10800,Summon Brown Tallstrider,21,269582352,0,0,0,0,0,131072,0,1,1180,6,0,0,78,0,0,0,0,0,1707,0,0,0,0,0,1
4113,10801,Summon Gray Tallstrider,21,269582352,0,0,0,0,0,131072,0,1,1180,6,0,0,78,0,0,0,0,0,1707,0,0,0,0,0,1
4114,10802,Summon Pink Tallstrider,21,286359568,0,0,0,0,0,131072,0,1,1180,6,0,0,78,0,0,0,0,0,1707,0,0,0,0,0,1
4115,10803,Summon Purple Tallstrider,21,286359568,0,0,0,0,0,131072,0,1,1180,6,0,0,78,0,0,0,0,0,1707,0,0,0,0,0,1
4116,10804,Summon Turquoise Tallstrider,21,286359568,0,0,0,0,0,131072,0,1,1180,6,0,0,78,0,0,0,0,0,1707,0,0,0,0,0,1
4156,10873,Red Mechanostrider,21,269844752,0,0,536870912,0,0,131072,0,1,1240,6,6,0,78,32,0,0,0,0,1707,0,0,0,0,0,1
4200,10969,Blue Mechanostrider,21,269844752,0,0,536870912,0,0,131072,0,1,1240,6,6,0,78,32,0,0,0,0,1707,0,0,0,0,0,1
5496,13819,Warhorse,21,269844480,131072,0,536870912,0,0,131072,512,20,115,6,6,77,78,32,0,0,0,0,3339,0,10,0,0,0,2
6733,15779,White Mechanostrider Mod B,21,269844752,0,0,536870912,0,0,131072,0,1,1240,6,6,0,78,32,0,0,0,0,1707,0,0,0,0,0,1
6734,15780,Green Mechanostrider,21,269582608,0,0,0,0,0,131072,0,1,1240,6,6,0,78,32,0,0,0,0,1707,0,0,0,0,0,1
6735,15781,Steel Mechanostrider,21,269582608,0,0,0,0,0,131072,0,1,1240,6,6,0,78,32,0,0,0,0,1707,0,0,0,0,0,1
6933,16055,Black Nightsaber,21,269844752,0,0,536870912,0,0,131072,0,1,836,6,6,0,78,32,0,0,0,0,1708,0,0,0,0,0,1
6934,16056,Ancient Frostsaber,21,269844752,0,0,536870912,0,0,131072,0,1,916,6,6,0,78,32,0,0,0,0,1708,0,0,0,0,0,1
6936,16058,Primal Leopard,21,269844752,0,0,536870912,0,0,131072,0,1,1181,6,6,0,78,32,0,0,0,0,1708,0,0,0,0,0,1
6937,16059,Tawny Sabercat,21,269844752,0,0,536870912,0,0,131072,0,1,1181,6,6,0,78,32,0,0,0,0,1708,0,0,0,0,0,1
6938,16060,Golden Sabercat,21,269844752,0,0,536870912,0,0,131072,0,1,1181,6,6,0,78,32,0,0,0,0,1708,0,0,0,0,0,1
6951,16080,Red Wolf,21,269844752,0,0,536870912,0,0,131072,0,1,1178,6,6,0,78,32,0,0,0,0,1709,0,0,0,0,0,1
6952,16081,Winter Wolf,21,269844752,0,0,536870912,0,0,131072,0,1,956,6,6,0,78,32,0,0,0,0,1709,0,0,0,0,0,1
6953,16082,Palomino,21,269844752,0,0,536870912,0,0,131072,0,1,1176,6,6,0,78,32,0,0,0,0,1703,0,0,0,0,0,1
6954,16083,White Stallion,21,269844752,0,0,536870912,0,0,131072,0,1,1176,6,6,0,78,32,0,0,0,0,1703,0,0,0,0,0,1
6955,16084,Mottled Red Raptor,21,269844752,0,0,536870912,0,0,131072,0,1,1180,6,6,0,78,32,0,0,0,0,1705,0,0,0,0,0,1
7735,17229,Winterspring Frostsaber,21,269844752,0,0,536870912,0,0,131072,512,1,1510,6,6,0,78,32,0,0,0,0,1708,0,0,0,0,0,1
7854,17450,Ivory Raptor,21,269844752,0,0,536870912,0,0,131072,0,1,1180,6,6,0,78,32,0,0,0,0,1705,0,0,0,0,0,1
7857,17453,Green Mechanostrider,21,269844752,0,0,536870912,0,0,131072,0,1,1240,6,6,0,78,32,0,0,0,0,1707,0,0,0,0,0,1
7858,17454,Unpainted Mechanostrider,21,269844752,0,0,536870912,0,0,131072,0,1,1240,6,6,0,78,32,0,0,0,0,1707,0,0,0,0,0,1
7859,17455,Purple Mechanostrider,21,269844752,0,0,536870912,0,0,131072,0,1,1240,6,6,0,78,32,0,0,0,0,1707,0,0,0,0,0,1
7860,17456,Red and Blue Mechanostrider,21,269844752,0,0,536870912,0,0,131072,0,1,1240,6,6,0,78,32,0,0,0,0,1707,0,0,0,0,0,1
7862,17458,Fluorescent Green Mechanostrider,21,269844752,0,0,536870912,0,0,131072,0,1,1240,6,6,0,78,32,0,0,0,0,1707,0,0,0,0,0,1
7863,17459,Icy Blue Mechanostrider Mod A,21,269844752,0,0,536870912,0,0,131072,0,1,1240,6,6,0,78,32,0,0,0,0,1707,0,0,0,0,0,1
7864,17460,Frost Ram,21,269844752,0,0,536870912,0,0,131072,0,1,1177,6,6,0,78,32,0,0,0,0,1704,0,0,0,0,0,1
7865,17461,Black Ram,21,269844752,0,0,536870912,0,0,131072,0,1,1177,6,6,0,78,32,0,0,0,0,1704,0,0,0,0,0,1
7866,17462,Red Skeletal Horse,21,269844752,0,0,536870912,0,0,131072,0,1,1241,6,6,0,78,32,0,0,0,0,1706,0,0,0,0,0,1
7867,17463,Blue Skeletal Horse,21,269844752,0,0,536870912,0,0,131072,0,1,1241,6,6,0,78,32,0,0,0,0,1706,0,0,0,0,0,1
7868,17464,Brown Skeletal Horse,21,269844752,0,0,536870912,0,0,131072,0,1,1241,6,6,0,78,32,0,0,0,0,1706,0,0,0,0,0,1
7869,17465,Green Skeletal Warhorse,21,269844752,0,0,536870912,0,0,131072,0,1,1241,6,6,0,78,32,0,0,0,0,1706,0,0,0,0,0,1
7884,17481,Rivendare's Deathcharger,21,269844752,0,0,536870912,0,0,131072,0,1,1241,6,6,0,78,32,0,0,0,0,1706,0,0,0,0,0,1
8480,18363,Riding Kodo,21,269844752,0,0,536870912,0,0,131072,0,1,1615,6,6,0,78,32,0,0,0,0,1703,0,0,0,0,0,1
8841,18989,Gray Kodo,21,269844752,0,0,536870912,0,0,131072,0,1,1682,6,6,0,78,32,0,0,0,0,5160,0,0,0,0,0,1
8842,18990,Brown Kodo,21,269844752,0,0,536870912,0,0,131072,0,1,1684,6,6,0,78,32,0,0,0,0,5160,0,0,0,0,0,1
8843,18991,Green Kodo,21,269844752,0,0,536870912,0,0,131072,0,1,1683,6,6,0,78,32,0,0,0,0,5160,0,0,0,0,0,1
8844,18992,Teal Kodo,21,269844752,0,0,536870912,0,0,131072,0,1,1683,6,6,0,78,32,0,0,0,0,5160,0,0,0,0,0,1
10776,22717,Black War Steed,21,269844752,0,0,536870912,0,0,131072,0,1,1179,6,6,0,78,32,0,0,0,0,1703,0,0,0,0,0,1
10777,22718,Black War Kodo,21,269844752,0,0,536870912,0,0,131072,0,1,1682,6,6,0,78,32,0,0,0,0,5160,0,0,0,0,0,1
10778,22719,Black Battlestrider,21,269844752,0,0,536870912,0,0,131072,0,1,3892,6,6,0,78,32,0,0,0,0,1707,0,0,0,0,0,1
10779,22720,Black War Ram,21,269844752,0,0,536870912,0,0,131072,0,1,1177,6,6,0,78,32,0,0,0,0,1704,0,0,0,0,0,1
10780,22721,Black War Raptor,21,269844752,0,0,536870912,0,0,131072,0,1,1180,6,6,0,78,32,0,0,0,0,1705,0,0,0,0,0,1
10781,22722,Red Skeletal Warhorse,21,269844752,0,0,536870912,0,0,131072,0,1,1241,6,6,0,78,32,0,0,0,0,1706,0,0,0,0,0,1
10782,22723,Black War Tiger,21,269844752,0,0,536870912,0,0,131072,0,1,836,6,6,0,78,32,0,0,0,0,1708,0,0,0,0,0,1
10783,22724,Black War Wolf,21,269844752,0,0,536870912,0,0,131072,0,1,1178,6,6,0,78,32,0,0,0,0,1709,0,0,0,0,0,1
11088,23161,Dreadsteed,21,269844480,131072,0,536870912,0,0,131072,0,40,1715,6,6,77,78,32,0,0,0,0,656,0,0,0,0,0,1
11120,23214,Charger,21,269844480,131072,0,536870912,0,0,131072,512,40,1716,6,6,77,78,32,0,0,0,0,3339,0,10,0,0,0,2
11124,23219,Swift Mistsaber,21,269844752,0,0,536870912,0,0,131072,0,1,836,6,6,0,78,32,0,0,0,0,1708,0,0,0,0,0,1
11125,23220,Swift Dawnsaber,21,269844752,0,0,536870912,0,0,131072,0,1,1181,6,6,0,78,32,0,0,0,0,1708,0,0,0,0,0,1
11126,23221,Swift Frostsaber,21,269844752,0,0,536870912,0,0,131072,0,1,916,6,6,0,78,32,0,0,0,0,1708,0,0,0,0,0,1
11127,23222,Swift Yellow Mechanostrider,21,269844752,0,0,536870912,0,0,131072,0,1,1240,6,6,0,78,32,0,0,0,0,1707,0,0,0,0,0,1
11128,23223,Swift White Mechanostrider,21,269844752,0,0,536870912,0,0,131072,0,1,1240,6,6,0,78,32,0,0,0,0,1707,0,0,0,0,0,1
11130,23225,Swift Green Mechanostrider,21,269844752,0,0,536870912,0,0,131072,0,1,1240,6,6,0,78,32,0,0,0,0,1707,0,0,0,0,0,1
11132,23227,Swift Palomino,21,269844752,0,0,536870912,0,0,131072,0,1,1176,6,6,0,78,32,0,0,0,0,1703,0,0,0,0,0,1
11133,23228,Swift White Steed,21,269844752,0,0,536870912,0,0,131072,0,1,1176,6,6,0,78,32,0,0,0,0,1703,0,0,0,0,0,1
11134,23229,Swift Brown Steed,21,269844752,0,0,536870912,0,0,131072,0,1,1176,6,6,0,78,32,0,0,0,0,1703,0,0,0,0,0,1
11142,23238,Swift Brown Ram,21,269844752,0,0,536870912,0,0,131072,0,1,1177,6,6,0,78,32,0,0,0,0,1704,0,0,0,0,0,1
11143,23239,Swift Gray Ram,21,269844752,0,0,536870912,0,0,131072,0,1,1177,6,6,0,78,32,0,0,0,0,1704,0,0,0,0,0,1
11144,23240,Swift White Ram,21,269844752,0,0,536870912,0,0,131072,0,1,1177,6,6,0,78,32,0,0,0,0,1704,0,0,0,0,0,1
11145,23241,Swift Blue Raptor,21,269844752,0,0,536870912,0,0,131072,0,1,1180,6,6,0,78,32,0,0,0,0,1705,0,0,0,0,0,1
11146,23242,Swift Olive Raptor,21,269844752,0,0,536870912,0,0,131072,0,1,1180,6,6,0,78,32,0,0,0,0,1705,0,0,0,0,0,1
11147,23243,Swift Orange Raptor,21,269844752,0,0,536870912,0,0,131072,0,1,1180,6,6,0,78,32,0,0,0,0,1705,0,0,0,0,0,1
11150,23246,Purple Skeletal Warhorse,21,269844752,0,0,536870912,0,0,131072,0,1,1241,6,6,0,78,32,0,0,0,0,1706,0,0,0,0,0,1
11151,23247,Great White Kodo,21,269844752,0,0,536870912,0,0,131072,0,1,1682,6,6,0,78,32,0,0,0,0,5160,0,0,0,0,0,1
11152,23248,Great Gray Kodo,21,269844752,0,0,536870912,0,0,131072,0,1,1682,6,6,0,78,32,0,0,0,0,5160,0,0,0,0,0,1
11153,23249,Great Brown Kodo,21,269844752,0,0,536870912,0,0,131072,0,1,1684,6,6,0,78,32,0,0,0,0,5160,0,0,0,0,0,1
11154,23250,Swift Brown Wolf,21,269844752,0,0,536870912,0,0,131072,0,1,1178,6,6,0,78,32,0,0,0,0,1709,0,0,0,0,0,1
11155,23251,Swift Timber Wolf,21,269844752,0,0,536870912,0,0,131072,0,1,956,6,6,0,78,32,0,0,0,0,1709,0,0,0,0,0,1
11156,23252,Swift Gray Wolf,21,269844752,0,0,536870912,0,0,131072,0,1,956,6,6,0,78,32,0,0,0,0,1709,0,0,0,0,0,1
11201,23338,Swift Stormsaber,21,269844752,0,0,536870912,0,0,131072,0,1,836,6,6,0,78,32,0,0,0,0,1708,0,0,0,0,0,1
11305,23509,Frostwolf Howler,21,269844752,0,0,536870912,0,0,131072,256,1,956,6,6,0,78,32,0,0,0,0,1709,0,0,0,0,0,1
11306,23510,Stormpike Battle Charger,21,269844752,0,0,536870912,0,0,131072,512,1,1177,6,6,0,78,32,0,0,0,0,1704,0,0,0,0,0,1
11733,24242,Swift Razzashi Raptor,21,269844752,0,0,536870912,0,0,131072,0,1,1180,6,6,0,78,32,0,0,0,0,1705,0,0,0,0,0,1
11739,24252,Swift Zulian Tiger,21,269844752,0,0,536870912,0,0,131072,0,1,1181,6,6,0,78,32,0,0,0,0,1708,0,0,0,0,0,1
11959,24576,Chromatic Mount,21,269582608,0,0,0,0,0,131072,0,1,3440,6,6,6,78,32,105,0,0,0,1709,0,0,0,0,0,1
12654,25675,Reindeer,21,269582608,0,0,0,0,0,131072,0,1,1776,6,6,0,78,32,0,0,0,0,10006,0,0,0,0,0,1
12791,25858,Reindeer,21,286359824,0,0,0,0,0,131072,0,1,1794,6,6,0,78,32,0,0,0,0,10006,0,0,0,0,0,1
12792,25859,Reindeer,21,286359824,0,0,0,0,0,131072,0,1,1794,6,6,0,78,32,0,0,0,0,10006,0,0,0,0,0,1
12795,25863,Black Qiraji Battle Tank,21,269549840,0,0,0,0,0,131072,0,1,1809,6,6,0,78,32,0,0,0,0,7456,0,0,0,0,38,1
12843,25953,Blue Qiraji Battle Tank,21,269811984,0,0,536870912,0,0,131072,0,1,1810,6,6,0,78,32,0,0,0,0,7456,0,0,0,0,38,1
12898,26054,Red Qiraji Battle Tank,21,269811984,0,0,536870912,0,0,131072,0,1,1812,6,6,0,78,32,0,0,0,0,7456,0,0,0,0,38,1
12899,26055,Yellow Qiraji Battle Tank,21,269811984,0,0,536870912,0,0,131072,0,1,1813,6,6,0,78,32,0,0,0,0,7456,0,0,0,0,38,1
12900,26056,Green Qiraji Battle Tank,21,269811984,0,0,536870912,0,0,131072,0,1,1811,6,6,0,78,32,0,0,0,0,7456,0,0,0,0,38,1
13238,26655,Black Qiraji Battle Tank,21,286359824,0,0,0,1048576,0,131072,0,1,1809,6,6,0,78,32,0,0,0,0,7456,0,0,0,0,0,1
13239,26656,Black Qiraji Battle Tank,21,269844752,0,0,536870912,0,0,131072,0,1,1809,6,6,0,78,32,0,0,0,0,7456,0,0,0,0,0,1
14677,28828,Nether Drake,21,269582608,0,0,0,0,0,131072,0,1,1928,6,6,6,78,32,105,0,0,0,7644,0,0,0,0,0,1
14806,29059,Naxxramas Deathcharger,21,269844752,0,0,536870912,0,0,131072,0,1,1241,6,6,0,78,32,0,0,0,0,1706,0,0,0,0,0,1
15577,30174,Riding Turtle,21,269844752,0,0,536870912,0,0,131072,0,1,1588,6,0,0,78,0,0,0,0,0,5160,0,0,0,0,0,1
16023,30837,Summon Kessel's Elekk,21,269582336,131072,0,0,0,0,131072,0,1,1716,6,6,0,78,32,0,0,0,0,3339,0,0,0,0,48,1
16611,31700,Black Qiraji Battle Tank,21,286359824,0,0,0,0,1048576,131072,0,1,1809,6,6,6,78,207,201,0,0,0,7456,0,0,0,0,0,1
16986,32235,Golden Gryphon,21,269844752,0,0,536870912,67108864,0,131072,512,1,3842,6,6,6,78,207,32,0,0,0,8504,0,0,0,0,0,1
16990,32239,Ebon Gryphon,21,269844752,0,0,536870912,67108864,0,131072,512,1,3904,6,6,6,78,207,32,0,0,0,8504,0,0,0,0,0,1
16991,32240,Snowy Gryphon,21,269844752,0,0,536870912,67108864,0,131072,512,1,3903,6,6,6,78,207,32,0,0,0,8504,0,0,0,0,0,1
16993,32242,Swift Blue Gryphon,21,269844752,0,0,536870912,67108864,0,131072,512,1,2054,6,6,6,78,207,32,0,0,0,8504,0,0,0,0,0,1
16994,32243,Tawny Wind Rider,21,269844752,0,0,536870912,67108864,0,131072,256,1,3843,6,6,6,78,207,32,0,0,0,8505,0,0,0,0,0,1
16995,32244,Blue Wind Rider,21,269844752,0,0,536870912,67108864,0,131072,256,1,3902,6,6,6,78,207,32,0,0,0,8505,0,0,0,0,0,1
16996,32245,Green Wind Rider,21,269844752,0,0,536870912,67108864,0,131072,256,1,3901,6,6,6,78,207,32,0,0,0,8505,0,0,0,0,0,1
16997,32246,Swift Red Wind Rider,21,269844752,0,0,536870912,67108864,0,131072,256,1,3899,6,6,6,78,207,32,0,0,0,8505,0,0,0,0,0,1
17026,32289,Swift Red Gryphon,21,269844752,0,0,536870912,67108864,0,131072,512,1,2054,6,6,6,78,207,32,0,0,0,8504,0,0,0,0,0,1
17027,32290,Swift Green Gryphon,21,269844752,0,0,536870912,67108864,0,131072,512,1,2054,6,6,6,78,207,32,0,0,0,8504,0,0,0,0,0,1
17028,32292,Swift Purple Gryphon,21,269844752,0,0,536870912,67108864,0,131072,512,1,2054,6,6,6,78,207,32,0,0,0,8504,0,0,0,0,0,1
17029,32295,Swift Green Wind Rider,21,269844752,0,0,536870912,67108864,0,131072,256,1,3898,6,6,6,78,207,32,0,0,0,8505,0,0,0,0,0,1
17030,32296,Swift Yellow Wind Rider,21,269844752,0,0,536870912,67108864,0,131072,256,1,3900,6,6,6,78,207,32,0,0,0,8505,0,0,0,0,0,1
17031,32297,Swift Purple Wind Rider,21,269844752,0,0,536870912,67108864,0,131072,256,1,3897,6,6,6,78,207,32,0,0,0,8505,0,0,0,0,0,1
17067,32345,Peep the Phoenix Mount,21,269844752,0,0,536870912,67108864,0,131072,0,1,1712,6,6,6,78,207,32,0,0,0,7644,0,0,0,0,0,1
17134,32420,Old Crappy McWeakSauce,21,269844752,0,0,536870912,0,0,131072,0,1,2055,6,6,6,78,58,32,0,0,0,8505,0,0,0,0,0,1
18031,33630,Blue Mechanostrider,21,269582608,0,0,0,0,0,131072,0,1,1240,6,6,0,78,32,0,0,0,0,1707,0,0,0,0,0,1
18053,33660,Swift Pink Hawkstrider,21,269844752,0,0,536870912,0,0,131072,0,1,2145,6,6,0,78,32,0,0,0,0,8264,0,0,0,0,0,1
18349,34068,Summon Dodostrider,21,269582608,0,0,0,0,0,131072,0,1,2055,6,6,0,78,58,0,0,0,0,7644,0,0,0,0,0,1
18630,34406,Brown Elekk,21,269844752,0,0,536870912,0,0,131072,0,1,2165,6,6,0,78,32,0,0,0,0,8269,0,0,0,0,0,1
18631,34407,Great Elite Elekk,21,269844752,0,0,536870912,0,0,131072,0,1,2166,6,6,0,78,32,0,0,0,0,8269,0,0,0,0,0,1
18906,34767,Summon Charger,21,269844480,131072,0,536870912,0,0,131072,256,40,1716,6,6,77,78,32,0,0,0,0,3339,0,10,0,0,0,2
18908,34769,Summon Warhorse,21,269844480,131072,0,536870912,0,0,131072,256,20,115,6,6,77,78,32,0,0,0,0,3339,0,10,0,0,0,2
18927,34790,Dark War Talbuk,21,269844752,0,0,536870912,0,0,131072,0,1,2208,6,6,0,78,32,0,0,0,0,9337,0,0,0,0,0,1
18931,34795,Red Hawkstrider,21,269844752,0,0,536870912,0,0,131072,0,1,2398,6,6,0,78,32,0,0,0,0,8264,0,0,0,0,0,1
19009,34896,Cobalt War Talbuk,21,269844752,0,0,536870912,0,0,131072,0,1,2208,6,6,0,78,32,0,0,0,0,9337,0,0,0,0,0,1
19010,34897,White War Talbuk,21,269844752,0,0,536870912,0,0,131072,0,1,2208,6,6,0,78,32,0,0,0,0,9337,0,0,0,0,0,1
19011,34898,Silver War Talbuk,21,269844752,0,0,536870912,0,0,131072,0,1,2208,6,6,0,78,32,0,0,0,0,9337,0,0,0,0,0,1
19012,34899,Tan War Talbuk,21,269844752,0,0,536870912,0,0,131072,0,1,2208,6,6,0,78,32,0,0,0,0,9337,0,0,0,0,0,1
19099,35018,Purple Hawkstrider,21,269844752,0,0,536870912,0,0,131072,0,1,2397,6,6,0,78,32,0,0,0,0,8264,0,0,0,0,0,1
19100,35020,Blue Hawkstrider,21,269844752,0,0,536870912,0,0,131072,0,1,2396,6,6,0,78,32,0,0,0,0,8264,0,0,0,0,0,1
19101,35022,Black Hawkstrider,21,269844752,0,0,536870912,0,0,131072,0,1,2395,6,6,0,78,32,0,0,0,0,8264,0,0,0,0,0,1
19102,35025,Swift Green Hawkstrider,21,269844752,0,0,536870912,0,0,131072,0,1,2399,6,6,0,78,32,0,0,0,0,8264,0,0,0,0,0,1
19103,35027,Swift Purple Hawkstrider,21,269844752,0,0,536870912,0,0,131072,0,1,2400,6,6,0,78,32,0,0,0,0,8264,0,0,0,0,0,1
19104,35028,Swift Warstrider,21,269844752,0,0,536870912,0,0,131072,0,1,2401,6,6,0,78,32,0,0,0,0,8264,0,0,0,0,0,1
19594,35710,Gray Elekk,21,269844752,0,0,536870912,0,0,131072,0,1,2404,6,6,0,78,32,0,0,0,0,8269,0,0,0,0,0,1
19595,35711,Purple Elekk,21,269844752,0,0,536870912,0,0,131072,0,1,2403,6,6,0,78,32,0,0,0,0,8269,0,0,0,0,0,1
19596,35712,Great Green Elekk,21,269844752,0,0,536870912,0,0,131072,0,1,2406,6,6,0,78,32,0,0,0,0,8269,0,0,0,0,0,1
19597,35713,Great Blue Elekk,21,269844752,0,0,536870912,0,0,131072,0,1,2405,6,6,0,78,32,0,0,0,0,8269,0,0,0,0,0,1
19598,35714,Great Purple Elekk,21,269844752,0,0,536870912,0,0,131072,0,1,2407,6,6,0,78,32,0,0,0,0,8269,0,0,0,0,0,1
20346,36702,Fiery Warhorse,21,269844752,0,0,536870912,0,0,131072,0,1,1715,6,6,0,78,32,0,0,0,0,1706,0,0,0,0,0,1
20594,37015,Swift Nether Drake,21,269844752,0,0,536870912,67108864,0,131072,0,1,2333,6,6,6,78,207,32,0,0,0,15809,0,0,0,0,0,1
22389,39315,Cobalt Riding Talbuk,21,269844752,0,0,536870912,0,0,131072,0,1,2208,6,6,0,78,32,0,0,0,0,9337,0,0,0,0,0,1
22390,39316,Dark Riding Talbuk,21,269844752,0,0,536870912,0,0,131072,0,1,2208,6,6,0,78,32,0,0,0,0,9337,0,0,0,0,0,1
22391,39317,Silver Riding Talbuk,21,269844752,0,0,536870912,0,0,131072,0,1,2208,6,6,0,78,32,0,0,0,0,9337,0,0,0,0,0,1
22392,39318,Tan Riding Talbuk,21,269844752,0,0,536870912,0,0,131072,0,1,2208,6,6,0,78,32,0,0,0,0,9337,0,0,0,0,0,1
22393,39319,White Riding Talbuk,21,269844752,0,0,536870912,0,0,131072,0,1,2208,6,6,0,78,32,0,0,0,0,9337,0,0,0,0,0,1
22498,39450,Tallstrider,21,269582608,0,0,0,0,0,131072,0,1,1181,6,6,0,78,32,0,0,0,0,1708,0,0,0,0,0,1
22722,39798,Green Riding Nether Ray,21,269844752,0,0,536870912,67108864,0,131072,0,1,2422,6,6,6,78,207,32,0,0,0,9451,0,0,0,0,0,1
22723,39800,Red Riding Nether Ray,21,269844752,0,0,536870912,67108864,0,131072,0,1,2422,6,6,6,78,207,32,0,0,0,9451,0,0,0,0,0,1
22724,39801,Purple Riding Nether Ray,21,269844752,0,0,536870912,67108864,0,131072,0,1,2422,6,6,6,78,207,32,0,0,0,9451,0,0,0,0,0,1
22725,39802,Silver Riding Nether Ray,21,269844752,0,0,536870912,67108864,0,131072,0,1,2422,6,6,6,78,207,32,0,0,0,9451,0,0,0,0,0,1
22726,39803,Blue Riding Nether Ray,21,269844752,0,0,536870912,67108864,0,131072,0,1,2422,6,6,6,78,207,32,0,0,0,9451,0,0,0,0,0,1
22827,39910,Riding Clefthoof,21,269582608,0,0,0,0,0,131072,0,1,2208,6,6,0,78,32,0,0,0,0,1704,0,0,0,0,0,1
22861,39949,Mount (Test Anim),21,269582608,0,0,0,67108864,0,131072,0,1,2054,6,6,6,78,207,32,0,0,0,9071,0,0,0,0,0,1
23064,40192,Ashes of Al'ar,21,269844752,0,0,536870912,67108864,0,131072,0,1,1927,6,6,6,78,207,32,0,0,0,7644,0,0,0,0,0,1
23081,40212,Dragonmaw Nether Drake,21,16810256,0,0,197120,67108864,0,131072,0,1,2333,6,6,6,78,207,32,0,0,0,0,0,0,0,0,0,1
23994,41252,Raven Lord,21,269844752,0,0,536870912,0,0,131072,0,1,2467,6,6,0,78,32,0,0,0,0,8264,0,0,0,0,0,1
24224,41513,Onyx Netherwing Drake,21,269844752,0,0,536870912,67108864,0,131072,0,1,1928,6,6,6,78,207,32,0,0,0,7644,0,0,0,0,0,1
24225,41514,Azure Netherwing Drake,21,269844752,0,0,536870912,67108864,0,131072,0,1,1928,6,6,6,78,207,32,0,0,0,7644,0,0,0,0,0,1
24226,41515,Cobalt Netherwing Drake,21,269844752,0,0,536870912,67108864,0,131072,0,1,1928,6,6,6,78,207,32,0,0,0,7644,0,0,0,0,0,1
24227,41516,Purple Netherwing Drake,21,269844752,0,0,536870912,67108864,0,131072,0,1,1928,6,6,6,78,207,32,0,0,0,7644,0,0,0,0,0,1
24228,41517,Veridian Netherwing Drake,21,269844752,0,0,536870912,67108864,0,131072,0,1,1928,6,6,6,78,207,32,0,0,0,7644,0,0,0,0,0,1
24229,41518,Violet Netherwing Drake,21,269844752,0,0,536870912,67108864,0,131072,0,1,1928,6,6,6,78,207,32,0,0,0,7644,0,0,0,0,0,1
25214,42667,Flying Broom,21,269582608,0,0,0,67108864,0,131072,0,1,3514,6,6,6,78,207,32,0,0,0,9611,0,0,0,0,0,1
25215,42668,Swift Flying Broom,21,269844752,0,0,536870912,67108864,0,131072,0,1,3514,6,6,6,78,207,32,0,0,0,9611,0,0,0,0,0,1
25220,42673,Flying Broom,21,269582608,0,0,0,67108864,0,0,0,1,3514,64,0,0,0,0,0,42667,0,0,9611,0,0,0,0,0,1
25223,42679,Swift Flying Broom,21,269582608,0,0,0,67108864,0,0,0,1,3514,64,0,0,0,0,0,42668,0,0,9611,0,0,0,0,0,1
25224,42680,Magic Broom,21,269582608,0,0,0,0,0,131072,0,1,3514,6,6,0,78,32,0,0,0,0,9611,0,0,0,0,0,1
25225,42681,Magic Broom,21,269582608,0,0,0,0,0,0,0,1,3514,64,0,0,0,0,0,42680,0,0,9611,0,0,0,0,0,1
25227,42683,Swift Magic Broom,21,269582608,0,0,0,0,0,131072,0,1,3514,6,6,0,78,32,0,0,0,0,9611,0,0,0,0,0,1
25228,42684,Swift Magic Broom,21,269582608,0,0,0,0,0,0,0,1,3514,64,0,0,0,0,0,42683,0,0,9611,0,0,0,0,0,1
25234,42692,Rickety Magic Broom,21,269582608,0,0,0,0,0,131072,0,1,3514,6,0,0,78,0,0,0,0,0,9611,0,0,0,0,0,1
25235,42693,Rickety Magic Broom,21,269582608,0,0,0,0,0,0,0,1,3514,64,0,0,0,0,0,42692,0,0,9611,0,0,0,0,0,1
25300,42776,Spectral Tiger,21,269844752,0,0,536870912,0,0,131072,0,1,3891,6,6,0,78,32,0,0,0,0,9655,0,0,0,0,0,1
25301,42777,Swift Spectral Tiger,21,269844752,0,0,536870912,0,0,131072,0,1,3891,6,6,0,78,32,0,0,0,0,9655,0,0,0,0,0,1
25418,42929,[DNT] Test Mount,21,269582608,0,0,0,0,0,131072,0,1,1776,6,6,0,78,32,0,0,0,0,9611,0,0,0,0,0,1
26045,43688,Amani War Bear,21,269844752,0,0,536870912,0,0,131072,0,1,957,6,6,0,78,32,0,0,0,0,9886,0,0,0,0,0,1
26157,43810,Frost Wyrm,21,1081616,0,0,0,0,0,131072,0,1,1700,6,6,6,78,207,32,0,0,0,8504,0,0,0,0,0,1
26222,43880,Ramstein's Swift Work Ram,21,1048832,0,0,0,4,0,131072,0,1,1177,6,140,6,78,0,37,0,42146,0,1704,0,0,0,0,0,1
26225,43883,Rental Racing Ram,21,1048832,2048,0,0,4,32,131072,0,1,1177,6,140,0,78,0,0,0,42146,0,1704,0,0,0,0,0,1
26240,43899,Brewfest Ram,21,269844752,0,0,536870912,0,0,131072,0,1,1177,6,6,0,78,32,0,0,0,0,1704,0,0,0,0,0,1
26241,43900,Swift Brewfest Ram,21,269844752,0,0,536870912,0,0,131072,0,1,1177,6,6,0,78,32,0,0,0,0,1704,0,0,0,0,0,1
26267,43927,Cenarion War Hippogryph,21,269844752,0,0,536870912,67108864,0,131072,0,1,2554,6,6,6,78,207,32,0,0,0,10091,0,0,0,0,0,1
26452,44140,Harpoon Surfing,21,65536,0,0,0,0,0,0,0,0,2497,6,6,0,201,206,0,0,0,0,9904,0,0,0,0,0,1
26462,44151,Turbo-Charged Flying Machine,21,269844752,0,0,536870912,67108864,0,131072,0,1,2546,6,6,6,78,207,32,4036,0,0,10092,0,0,0,0,0,1
26464,44153,Flying Machine,21,269844752,0,0,536870912,67108864,0,131072,0,1,2547,6,6,6,78,207,32,4036,0,0,10092,0,0,0,0,0,1
26602,44317,Merciless Nether Drake,21,269582608,0,0,0,67108864,0,131072,0,1,2333,6,6,6,78,207,32,0,0,0,8505,0,0,0,0,0,1
26883,44655,Flying Reindeer,21,269582608,0,0,0,67108864,0,131072,0,1,1776,6,6,6,78,32,207,0,0,0,10006,0,0,0,0,0,1
26907,44744,Merciless Nether Drake,21,269844752,0,0,536870912,67108864,0,131072,0,1,2333,6,6,6,78,207,32,0,0,0,7644,0,0,0,0,0,1
26973,44824,Flying Reindeer,21,286359824,0,0,0,67108864,0,131072,0,1,1794,6,6,6,78,207,32,0,0,0,10006,0,0,0,0,0,1
26974,44825,Flying Reindeer,21,286359824,0,0,0,67108864,0,131072,0,1,1794,6,6,6,78,207,32,0,0,0,10006,0,0,0,0,0,1
26976,44827,Flying Reindeer,21,286359824,0,0,0,67108864,0,131072,0,1,1794,6,6,6,78,207,32,0,0,0,10006,0,0,0,0,0,1
27238,45177,Copy of Riding Turtle,21,269582608,0,0,0,0,0,131072,0,1,1588,6,0,0,78,0,0,0,0,0,5160,0,0,0,0,0,1
28119,46197,X-51 Nether-Rocket,21,269844752,0,0,536870912,67108864,0,131072,0,1,2605,6,6,6,78,207,32,0,0,0,9611,0,0,0,0,0,1
28121,46199,X-51 Nether-Rocket X-TREME,21,269844752,0,0,536870912,67108864,0,131072,0,1,2589,6,6,6,78,207,32,0,0,0,9611,0,0,0,0,0,1
28452,46628,Swift White Hawkstrider,21,269844752,0,0,536870912,0,0,131072,0,1,2919,6,6,0,78,32,0,0,0,0,8264,0,0,0,0,0,1
28743,46980,Northrend Nerubian Mount (Test),21,269582608,0,0,0,0,0,131072,0,1,1177,6,6,0,78,32,0,0,0,0,1704,0,0,0,0,0,1
28794,47037,Swift War  Elekk,21,269582608,0,0,0,0,0,131072,0,1,2405,6,6,0,78,32,0,0,0,0,8269,0,0,0,0,0,1
29543,47977,Magic Broom,21,269582608,0,0,0,0,0,131072,0,0,3514,6,6,77,78,4,0,0,0,0,9611,0,0,0,0,0,1
29587,48023,Headless Horseman's Mount,21,286359824,0,0,0,67108864,0,131072,0,1,2628,6,6,6,78,32,207,0,0,0,0,0,0,0,0,0,1
29588,48024,Headless Horseman's Mount,21,286359824,0,0,0,0,0,131072,0,1,2628,6,6,0,78,32,0,0,0,0,0,0,0,0,0,0,1
29589,48025,Headless Horseman's Mount,21,269582608,0,0,0,0,0,131072,0,0,1179,6,6,77,78,4,0,0,0,0,1706,0,0,0,0,0,1
29590,48027,Black War Elekk,21,269844752,0,0,536870912,0,0,131072,0,1,2405,6,6,0,78,32,0,0,0,0,8269,0,0,0,0,0,1
30237,48778,Acherus Deathcharger,21,269778944,131072,524288,536870912,0,0,131072,0,55,3005,6,6,77,78,32,0,0,0,0,10825,0,15,0,0,0,32
30362,48954,Swift Zhevra,21,269844752,0,0,536870912,0,0,131072,0,1,1716,6,6,0,78,32,0,0,0,0,1703,0,0,0,0,0,1
30542,49193,Vengeful Nether Drake,21,269844752,0,0,536870912,67108864,0,131072,0,1,2333,6,6,6,78,207,32,0,0,0,7644,0,0,0,0,0,1
30654,49322,Swift Zhevra,21,269844752,0,0,536870912,0,0,131072,0,1,1716,6,6,0,78,32,0,0,0,0,1703,0,0,0,0,0,1
30701,49378,Brewfest Riding Kodo,21,269844752,0,0,536870912,0,0,131072,0,1,2714,6,6,0,78,32,0,0,0,0,5160,0,0,0,0,0,1
30702,49379,Great Brewfest Kodo,21,269844752,0,0,536870912,0,0,131072,0,1,2714,6,6,0,78,32,0,0,0,0,5160,0,0,0,0,0,1
31093,49908,Pink Elekk,21,286359568,0,0,0,524292,32,131072,0,1,2403,6,0,0,78,0,0,0,0,0,8269,0,0,0,0,0,1
31416,50281,Black Warp Stalker,21,269582608,0,0,0,0,0,131072,0,1,2405,6,6,0,78,32,0,0,0,0,8269,0,0,0,0,0,1
31923,50869,Brewfest Kodo,21,269582608,0,0,0,0,0,131072,0,1,2714,6,6,0,78,32,0,0,0,0,5160,0,0,0,0,0,1
31924,50870,Brewfest Ram,21,269582608,0,0,0,0,0,131072,0,1,1177,6,6,0,78,32,0,0,0,0,1704,0,0,0,0,0,1
32395,51412,Big Battle Bear,21,269844752,0,0,536870912,0,0,131072,0,1,957,6,6,0,78,32,0,0,0,0,9886,0,0,0,0,0,1
32574,51617,Headless Horseman's Mount,21,286359824,0,0,0,67108864,0,131072,0,1,2628,6,6,6,78,32,207,0,0,0,0,0,0,0,0,0,1
32578,51621,Headless Horseman's Mount,21,286359824,0,0,0,0,0,131072,0,1,2628,6,6,0,78,32,0,0,0,0,0,0,0,0,0,0,1
32887,51960,Frost Wyrm Mount,21,269582608,0,0,0,67108864,0,131072,0,1,344,6,6,6,78,207,32,0,0,0,13763,0,0,0,0,0,1
35357,54726,Winged Steed of the Ebon Blade,21,269582608,0,0,0,67108864,0,131072,0,1,3894,6,6,6,78,207,32,0,0,0,8504,0,0,0,0,0,1
35358,54727,Winged Steed of the Ebon Blade,21,269582608,0,0,0,67108864,0,131072,0,1,3894,6,6,6,78,207,32,0,0,0,8504,0,0,0,0,0,1
35360,54729,Winged Steed of the Ebon Blade,21,269844752,0,0,0,67108864,0,131072,0,1,3894,6,6,77,78,4,0,0,0,0,8504,0,0,0,0,0,1
35384,54753,White Polar Bear,21,269582608,0,0,0,0,0,131072,0,1,3496,6,6,0,78,32,0,0,0,0,9886,0,0,0,0,0,1
35515,54903,Mechanical Suit ZX-5103,21,269582608,0,0,0,0,0,131072,0,1,2217,28,0,0,0,0,0,0,0,0,1707,0,0,0,0,0,1
35763,55164,Swift Spectral Gryphon,21,2692743184,268435456,1,1052672,0,0,131072,0,1,2054,6,6,6,78,207,32,0,0,0,8504,0,0,0,0,0,1
35770,55173,Swift Flying Wisp,21,2692743184,268435456,1,1052672,0,0,131072,0,1,1715,6,6,6,201,206,31,0,0,0,12090,0,0,0,0,0,1
35881,55293,Amani War Bear,21,269582608,0,0,0,0,0,131072,0,1,957,6,6,0,78,32,0,0,0,0,9886,0,0,0,0,0,1
36102,55531,Mechano-hog,21,269582608,0,0,0,0,0,131072,256,1,1101,6,6,0,78,32,0,0,0,0,14418,0,0,0,0,0,1
38905,58615,Brutal Nether Drake,21,269582608,0,0,0,67108864,0,131072,0,1,2333,6,6,6,78,207,32,0,0,0,7644,0,0,0,0,0,1
39093,58819,Swift Brown Steed,21,269582608,0,0,0,0,0,131072,0,1,1176,6,6,0,78,32,0,0,0,0,1703,0,0,0,0,0,1
39215,58961,Mechano-hog,21,268534032,1024,4,0,4,0,0,0,0,1101,6,6,6,236,4,31,0,0,0,0,0,0,0,0,0,1
39235,58983,Big Blizzard Bear,21,269582608,0,0,0,0,0,131072,0,0,3895,6,6,77,78,4,0,0,0,0,9886,0,0,0,0,0,1
39249,58997,Big Blizzard Bear,21,269582608,0,0,0,0,0,131072,0,1,3895,6,6,0,78,32,0,0,0,0,9886,0,0,0,0,0,1
39251,58999,Big Blizzard Bear,21,269582608,0,0,0,0,0,131072,0,1,3895,6,6,0,78,32,0,0,0,0,9886,0,0,0,0,0,1
39331,59100,Mechano-hog,21,268533776,1024,4,0,4,0,0,0,0,1101,6,6,0,236,4,0,0,0,0,0,0,0,0,0,0,1
39761,59567,Azure Drake,21,269582608,0,0,0,67108864,0,131072,0,1,3667,6,6,6,78,207,32,0,0,0,7644,0,0,0,0,0,1
39762,59568,Blue Drake,21,269582608,0,0,0,67108864,0,131072,0,1,3667,6,6,6,78,207,32,0,0,0,7644,0,0,0,0,0,1
39763,59569,Bronze Drake,21,269582608,0,0,0,67108864,0,131072,0,1,3440,6,6,6,78,207,32,0,0,0,7644,0,0,0,0,0,1
39764,59570,Red Drake,21,269582608,0,0,0,67108864,0,131072,0,1,3495,6,6,6,78,207,32,0,0,0,7644,0,0,0,0,0,1
39765,59571,Twilight Drake,21,269582608,0,0,0,67108864,0,131072,0,1,3668,6,6,6,78,207,32,0,0,0,7644,0,0,0,0,0,1
39766,59572,Black Polar Bear,21,269582608,0,0,0,0,0,131072,0,1,3498,6,6,0,78,32,0,0,0,0,9886,0,0,0,0,0,1
39767,59573,Brown Polar Bear,21,269582608,0,0,0,0,0,131072,0,1,3497,6,6,0,78,32,0,0,0,0,9886,0,0,0,0,0,1
39832,59650,Black Drake,21,269582608,0,0,0,67108864,0,131072,0,1,3668,6,6,6,78,207,32,0,0,0,7644,0,0,0,0,0,1
39960,59785,Black War Mammoth,21,269582608,0,0,0,0,0,131072,512,1,3444,6,6,0,78,32,0,0,0,0,12813,0,0,0,0,0,1
39962,59788,Black War Mammoth,21,269582608,0,0,0,0,0,131072,256,1,3444,6,6,0,78,32,0,0,0,0,12813,0,0,0,0,0,1
39965,59791,Wooly Mammoth,21,269582608,0,0,0,0,0,131072,0,1,3443,6,6,0,78,32,0,0,0,0,12813,0,0,0,0,0,1
39967,59793,Wooly Mammoth,21,269582608,0,0,0,0,0,131072,0,1,3443,6,6,0,78,32,0,0,0,0,12813,0,0,0,0,0,1
39970,59797,Ice Mammoth,21,269582608,0,0,0,0,0,131072,256,1,3446,6,6,0,78,32,0,0,0,0,12813,0,0,0,0,0,1
39972,59799,Ice Mammoth,21,269582608,0,0,0,0,0,131072,512,1,3446,6,6,0,78,32,0,0,0,0,12813,0,0,0,0,0,1
39975,59802,Grand Ice Mammoth,21,269582608,0,0,0,0,0,131072,0,1,3446,6,6,0,78,32,0,0,0,0,12813,0,0,0,0,0,1
39977,59804,Grand Ice Mammoth,21,269582608,0,0,0,0,0,131072,0,1,3446,6,6,0,78,32,0,0,0,0,12813,0,0,0,0,0,1
40115,59961,Red Proto-Drake,21,269582608,0,0,0,67108864,0,131072,0,1,3442,6,6,6,78,207,32,0,0,0,7644,0,0,0,0,0,1
40130,59976,Black Proto-Drake,21,269582608,0,0,0,67108864,0,131072,0,1,3442,6,6,6,78,207,32,0,0,0,13342,0,0,0,0,0,1
40148,59996,Blue Proto-Drake,21,269582608,0,0,0,67108864,0,131072,0,1,3442,6,6,6,78,207,32,0,0,0,7644,0,0,0,0,0,1
40152,60002,Time-Lost Proto-Drake,21,269582608,0,0,0,67108864,0,131072,0,1,3442,6,6,6,78,207,32,0,0,0,7644,0,0,0,0,0,1
40170,60021,Plagued Proto-Drake,21,269582608,0,0,0,67108864,0,131072,0,1,3442,6,6,6,78,207,32,0,0,0,7644,0,0,0,0,0,1
40173,60024,Violet Proto-Drake,21,269582608,0,0,0,67108864,0,131072,0,1,3442,6,6,6,78,207,32,0,0,0,7644,0,0,0,0,0,1
40174,60025,Albino Drake,21,269582608,0,0,0,67108864,0,131072,0,1,3441,6,6,6,78,207,32,0,0,0,7644,0,0,0,0,0,1
40232,60099,Summon Loaner Gryphon,21,269844752,0,0,536870912,67108864,0,131072,0,0,2054,28,0,0,0,0,0,0,0,0,0,0,0,0,0,883,1
40246,60114,Armored Brown Bear,21,269582608,0,0,0,0,0,131072,512,1,3497,6,6,0,78,32,0,0,0,0,9886,0,0,0,0,0,1
40248,60116,Armored Brown Bear,21,269582608,0,0,0,0,0,131072,256,1,3497,6,6,0,78,32,0,0,0,0,9886,0,0,0,0,0,1
40250,60118,Black War Bear,21,269582608,0,0,0,0,0,131072,512,1,3498,6,6,0,78,32,0,0,0,0,9886,0,0,0,0,0,1
40251,60119,Black War Bear,21,269582608,0,0,0,0,0,131072,256,1,3498,6,6,0,78,32,0,0,0,0,9886,0,0,0,0,0,1
40252,60120,Summon Loaner Wind Rider,21,269844752,0,0,536870912,67108864,0,131072,0,0,2055,6,28,0,78,0,0,0,0,0,8505,0,0,0,0,883,1
40267,60136,Grand Caravan Mammoth,21,269582608,0,0,0,0,0,131072,0,1,3443,6,6,0,78,32,0,0,0,0,12813,0,0,0,0,0,1
40271,60140,Grand Caravan Mammoth,21,269582608,0,0,0,0,0,131072,0,1,3443,6,6,0,78,32,0,0,0,0,12813,0,0,0,0,0,1
40536,60424,Mekgineer's Chopper,21,269582608,0,0,0,0,0,131072,512,1,1101,6,6,0,78,32,0,0,0,0,14418,0,0,0,0,0,1
41276,61229,Armored Snowy Gryphon,21,269844752,0,0,536870912,67108864,0,131072,512,1,2054,6,6,6,78,207,32,0,0,0,8504,0,0,0,0,0,1
41277,61230,Armored Blue Wind Rider,21,269844752,0,0,536870912,67108864,0,131072,256,1,3897,6,6,6,78,207,32,0,0,0,8505,0,0,0,0,0,1
41319,61289,Borrowed Broom,21,269582608,0,0,0,0,0,131072,0,1,3514,6,6,0,78,32,0,0,0,0,9611,0,0,0,0,803,1
41323,61294,Green Proto-Drake,21,269582608,0,0,0,67108864,0,131072,0,1,3442,6,6,6,78,207,32,0,0,0,7644,0,0,0,0,0,1
41337,61309,Magnificent Flying Carpet,21,269844752,0,0,536870912,67108864,0,131072,0,0,3893,6,6,6,78,32,207,3908,0,0,12844,0,0,0,0,0,1
41441,61423,Mammoth Ride,21,268533776,1024,4,0,4,268435456,1024,0,0,2583,6,6,0,236,4,0,0,0,0,0,0,0,0,0,0,1
41442,61424,Traveler's Tundra Mammoth,21,268534032,268436480,4,0,4,0,0,0,0,3626,6,6,6,236,4,31,0,0,0,0,0,0,0,0,0,1
41443,61425,Traveler's Tundra Mammoth,21,269582608,0,0,0,0,0,131072,512,1,3626,6,6,0,78,32,0,0,0,0,12813,0,0,0,0,0,1
41457,61443,Swift Mooncloth Carpet,21,268534032,1024,4,0,4,0,0,0,0,3632,6,6,0,236,201,0,0,0,0,0,0,0,0,0,0,1
41459,61445,Swift Shadoweave Carpet,21,268534032,1024,4,0,4,0,0,0,0,3633,6,6,0,236,201,0,0,0,0,0,0,0,0,0,0,1
41461,61447,Traveler's Tundra Mammoth,21,269582608,0,0,0,0,0,131072,256,1,3626,6,6,0,78,32,0,0,0,0,12813,0,0,0,0,0,1
41462,61448,Swift Spellfire Carpet,21,268534032,1024,4,0,4,0,0,0,0,3633,6,6,0,236,201,0,0,0,0,0,0,0,0,0,0,1
41465,61451,Flying Carpet,21,269844752,0,0,536870912,67108864,0,131072,0,0,3833,6,6,6,78,32,207,3908,0,0,12844,0,0,0,0,0,1
41478,61465,Grand Black War Mammoth,21,269582608,0,0,0,0,0,131072,512,1,3643,6,6,0,78,32,0,0,0,0,12813,0,0,0,0,0,1
41479,61466,Grand Black War Mammoth,21,268534032,1024,4,0,4,0,0,0,0,3626,6,6,6,236,4,31,0,0,0,0,0,0,0,0,0,1
41480,61467,Grand Black War Mammoth,21,269582608,0,0,0,0,0,131072,256,1,3643,6,6,0,78,32,0,0,0,0,12813,0,0,0,0,0,1
41482,61469,Grand Ice Mammoth,21,269582608,0,0,0,0,0,131072,256,1,3644,6,6,0,78,32,0,0,0,0,12813,0,0,0,0,0,1
41483,61470,Grand Ice Mammoth,21,269582608,0,0,0,0,0,131072,512,1,3644,6,6,0,78,32,0,0,0,0,12813,0,0,0,0,0,1
41625,61666,Mekgineer's Chopper,21,268533776,1024,4,0,4,268435456,0,0,0,1101,6,6,0,236,4,0,0,0,0,0,0,0,0,0,0,1
41626,61667,Mekgineer's Chopper,21,268534032,1024,4,0,4,0,0,0,0,1101,6,6,6,236,4,31,0,0,0,0,0,0,0,0,0,1
41871,61983,Dan's Test Mount,21,269582608,0,0,0,0,0,131072,0,1,2208,6,6,0,78,32,0,0,0,0,9337,0,0,0,0,0,1
41883,61996,Blue Dragonhawk,21,269844752,0,0,536870912,67108864,0,131072,512,1,2328,6,6,6,78,207,32,0,0,0,13076,0,0,0,0,0,1
41884,61997,Red Dragonhawk,21,269844752,0,0,536870912,67108864,0,131072,256,1,2328,6,6,6,78,207,32,0,0,0,13076,0,0,0,0,0,1
41926,62048,Black Dragonhawk Mount,21,269844752,0,0,536870912,67108864,0,131072,0,1,2328,6,6,6,78,207,32,0,0,0,13076,0,0,0,0,0,1
42831,63232,Stormwind Steed,21,269844752,0,0,536870912,0,0,131072,0,1,1176,6,6,0,78,32,0,0,0,0,1703,0,0,0,0,0,1
43160,63635,Darkspear Raptor,21,269844752,0,0,536870912,0,0,131072,0,1,1180,6,6,0,78,32,0,0,0,0,1705,0,0,0,0,0,1
43161,63636,Ironforge Ram,21,269844752,0,0,536870912,0,0,131072,0,1,1177,6,6,0,78,32,0,0,0,0,1704,0,0,0,0,0,1
43162,63637,Darnassian Nightsaber,21,269844752,0,0,536870912,0,0,131072,0,1,916,6,6,0,78,32,0,0,0,0,1708,0,0,0,0,0,1
43163,63638,Gnomeregan Mechanostrider,21,269844752,0,0,536870912,0,0,131072,0,1,1240,6,6,0,78,32,0,0,0,0,1707,0,0,0,0,0,1
43164,63639,Exodar Elekk,21,269844752,0,0,536870912,0,0,131072,0,1,2166,6,6,0,78,32,0,0,0,0,8269,0,0,0,0,0,1
43165,63640,Orgrimmar Wolf,21,269844752,0,0,536870912,0,0,131072,0,1,1178,6,6,0,78,32,0,0,0,0,1709,0,0,0,0,0,1
43166,63641,Thunder Bluff Kodo,21,269844752,0,0,536870912,0,0,131072,0,1,1682,6,6,0,78,32,0,0,0,0,5160,0,0,0,0,0,1
43167,63642,Silvermoon Hawkstrider,21,269844752,0,0,536870912,0,0,131072,0,1,2400,6,6,0,78,32,0,0,0,0,8264,0,0,0,0,0,1
43168,63643,Forsaken Warhorse,21,269844752,0,0,536870912,0,0,131072,0,1,1241,6,6,0,78,32,0,0,0,0,1706,0,0,0,0,0,1
43302,63796,Mimiron's Head,21,269844752,0,0,536870912,67108864,0,131072,0,1,1815,6,6,6,78,207,32,0,0,0,10092,0,0,0,0,0,1
43338,63844,Argent Hippogryph,21,269844752,0,0,536870912,67108864,0,131072,0,1,2554,6,6,6,78,207,32,0,0,0,10091,0,0,0,0,0,1
43431,63956,Ironbound Proto-Drake,21,269582608,0,0,0,67108864,0,131072,0,1,3941,6,6,6,78,207,32,0,0,0,7644,0,0,0,0,0,1
43436,63963,Rusted Proto-Drake,21,269582608,0,0,0,67108864,0,131072,0,1,3941,6,6,6,78,207,32,0,0,0,7644,0,0,0,0,0,1
43979,64656,Blue Skeletal Warhorse,21,269844752,0,0,536870912,0,0,131072,0,1,1241,6,6,0,78,32,0,0,0,0,1706,0,0,0,0,0,1
43980,64657,White Kodo,21,269844752,0,0,536870912,0,0,131072,0,1,1682,6,6,0,78,32,0,0,0,0,5160,0,0,0,0,0,1
43981,64658,Black Wolf,21,269844752,0,0,536870912,0,0,131072,0,1,1178,6,6,0,78,32,0,0,0,0,1709,0,0,0,0,0,1
43982,64659,Venomhide Ravasaur,21,269844752,0,0,536870912,0,0,131072,256,1,1180,6,6,0,78,32,0,0,0,0,1705,0,0,0,0,0,1
44000,64681,Loaned Gryphon,21,269844752,0,0,536870912,67108864,0,131072,4194304,1,3842,6,6,6,78,207,284,0,0,69512,8504,0,0,0,0,4294967295,1
44048,64731,Sea Turtle,21,269844752,0,0,536870912,0,0,131072,0,1,3890,6,6,0,78,58,0,0,0,0,5160,0,0,0,0,0,1
44063,64749,Loaned Gryphon,21,269844752,0,0,536870912,67108864,0,131072,4194304,1,3842,64,0,0,0,0,0,64681,0,0,8504,0,0,0,0,883,1
44073,64761,Loaned Wind Rider,21,269844752,0,0,536870912,67108864,0,131072,4194304,1,3843,6,6,6,78,207,284,0,0,69512,8504,0,0,0,0,4294967295,1
44074,64762,Loaned Wind Rider,21,269844752,0,0,536870912,67108864,0,131072,4194304,1,3843,64,0,0,0,0,0,64761,0,0,8504,0,0,0,0,883,1
44222,64927,Deadly Gladiator's Frost Wyrm,21,269582608,0,0,0,67108864,0,131072,0,1,3913,6,6,6,78,207,32,0,0,0,13763,0,0,0,0,0,1
44266,64977,Black Skeletal Horse,21,269844752,0,0,536870912,0,0,131072,0,1,1241,6,6,0,78,32,0,0,0,0,1706,0,0,0,0,0,1
44278,64992,Big Blizzard Bear [PH],21,269582608,0,0,0,0,0,131072,0,1,3496,6,6,0,78,32,0,0,0,0,9886,0,0,0,0,0,1
44279,64993,Big Blizzard Bear [PH],21,269582608,0,0,0,0,0,131072,0,1,3496,6,6,0,78,32,0,0,0,0,9886,0,0,0,0,0,1
44506,65439,Furious Gladiator's Frost Wyrm,21,269582608,0,0,0,67108864,0,131072,0,1,3913,6,6,6,78,207,32,0,0,0,13763,0,0,0,0,0,1
44578,65637,Great Red Elekk,21,269844752,0,0,536870912,0,0,131072,0,1,2166,6,6,0,78,32,0,0,0,0,8269,0,0,0,0,0,1
44579,65638,Swift Moonsaber,21,269844752,0,0,536870912,0,0,131072,0,1,916,6,6,0,78,32,0,0,0,0,1708,0,0,0,0,0,1
44580,65639,Swift Red Hawkstrider,21,269844752,0,0,536870912,0,0,131072,0,1,2400,6,6,0,78,32,0,0,0,0,8264,0,0,0,0,0,1
44581,65640,Swift Gray Steed,21,269844752,0,0,536870912,0,0,131072,0,1,1176,6,6,0,78,32,0,0,0,0,1703,0,0,0,0,0,1
44582,65641,Great Golden Kodo,21,269844752,0,0,536870912,0,0,131072,0,1,1682,6,6,0,78,32,0,0,0,0,5160,0,0,0,0,0,1
44583,65642,Turbostrider,21,269844752,0,0,536870912,0,0,131072,0,1,1240,6,6,0,78,32,0,0,0,0,1707,0,0,0,0,0,1
44584,65643,Swift Violet Ram,21,269844752,0,0,536870912,0,0,131072,0,1,1177,6,6,0,78,32,0,0,0,0,1704,0,0,0,0,0,1
44585,65644,Swift Purple Raptor,21,269844752,0,0,536870912,0,0,131072,0,1,1180,6,6,0,78,32,0,0,0,0,1705,0,0,0,0,0,1
44586,65645,White Skeletal Warhorse,21,269844752,0,0,536870912,0,0,131072,0,1,1241,6,6,0,78,32,0,0,0,0,1706,0,0,0,0,0,1
44587,65646,Swift Burgundy Wolf,21,269844752,0,0,536870912,0,0,131072,0,1,1178,6,6,0,78,32,0,0,0,0,1709,0,0,0,0,0,1
44706,65917,Magic Rooster,21,286359824,0,0,0,0,0,131072,0,1,2316,6,6,77,78,4,0,0,0,0,14006,0,0,0,0,0,1
44828,66087,Silver Covenant Hippogryph,21,269844752,0,0,536870912,67108864,0,131072,512,1,2554,6,6,6,78,207,32,0,0,0,10091,0,0,0,0,0,1
44829,66088,Sunreaver Dragonhawk,21,269844752,0,0,536870912,67108864,0,131072,256,1,2328,6,6,6,78,207,32,0,0,0,13076,0,0,0,0,0,1
44830,66090,Quel'dorei Steed,21,269844752,0,0,536870912,0,0,131072,512,1,1176,6,6,0,78,32,0,0,0,0,1703,0,0,0,0,0,1
44831,66091,Sunreaver Hawkstrider,21,269844752,0,0,536870912,0,0,131072,256,1,2400,6,6,0,78,32,0,0,0,0,8264,0,0,0,0,0,1
44852,66122,Magic Rooster,21,286359824,0,0,0,0,0,131072,0,1,318,6,6,0,78,32,0,0,0,0,14006,0,0,0,0,0,1
44853,66123,Magic Rooster,21,286359824,0,0,0,0,0,131072,0,1,318,6,6,0,78,32,0,0,0,0,14006,0,0,0,0,0,1
44854,66124,Magic Rooster,21,286359824,0,0,0,0,0,131072,0,1,318,6,6,0,78,32,0,0,0,0,14006,0,0,0,0,0,1
45319,66846,Ochre Skeletal Warhorse,21,269844752,0,0,536870912,0,0,131072,0,1,1241,6,6,0,78,32,0,0,0,0,1706,0,0,0,0,0,1
45320,66847,Striped Dawnsaber,21,269844752,0,0,536870912,0,0,131072,0,1,916,6,6,0,78,32,0,0,0,0,1708,0,0,0,0,0,1
45348,66906,Argent Charger,21,269844480,131072,0,536870912,0,0,131072,0,40,1716,6,6,77,78,32,0,0,0,0,3339,0,10,0,0,0,2
45349,66907,Argent Warhorse,21,269844480,131072,0,536870912,0,0,131072,0,20,115,6,6,77,78,32,0,0,0,0,3339,0,10,0,0,0,2
45675,67336,Relentless Gladiator's Frost Wyrm,21,269582608,0,0,0,67108864,0,131072,0,1,3913,6,6,6,78,207,32,0,0,0,13763,0,0,0,0,0,1
45760,67466,Argent Warhorse,21,269844752,0,0,536870912,0,0,131072,0,1,1176,6,6,0,78,32,0,0,0,0,1703,0,0,0,0,0,1
46191,68056,Swift Horde Wolf,21,269844752,0,0,536870912,0,0,131072,256,1,1178,6,6,0,78,32,0,0,0,0,1709,0,0,0,0,0,1
46192,68057,Swift Alliance Steed,21,269844752,0,0,536870912,0,0,131072,512,1,1176,6,6,0,78,32,0,0,0,0,1703,0,0,0,0,0,1
46283,68187,Crusader's White Warhorse,21,269844752,0,0,536870912,0,0,131072,512,1,1176,6,6,0,78,32,0,0,0,0,1703,0,0,0,0,0,1
46284,68188,Crusader's Black Warhorse,21,269844752,0,0,536870912,0,0,131072,256,1,1179,6,6,0,78,32,0,0,0,0,1703,0,0,0,0,0,1
46454,68768,Little White Stallion,21,269844752,0,0,536870912,0,0,131072,0,1,1176,6,6,0,78,32,0,0,0,0,1703,0,0,0,0,0,1
46455,68769,Little Ivory Raptor,21,269844752,0,0,536870912,0,0,131072,0,1,1180,6,6,0,78,32,0,0,0,0,1705,0,0,0,0,0,1
46786,69395,Onyxian Drake,21,269582608,0,0,0,67108864,0,131072,0,1,3820,6,6,6,78,207,32,0,0,0,7644,0,0,0,0,0,1
48072,71342,Big Love Rocket,21,269582608,0,0,0,0,0,131072,0,0,3195,6,6,77,78,4,0,0,0,0,15095,0,0,0,0,0,1
48073,71343,Big Love Rocket,21,269582608,0,0,0,0,0,131072,0,1,3195,6,0,0,78,0,0,0,0,0,15095,0,0,0,0,0,1
48074,71344,Big Love Rocket,21,269582608,0,0,0,0,0,131072,0,1,3195,6,6,0,78,32,0,0,0,0,15095,0,0,0,0,0,1
48075,71345,Big Love Rocket,21,269582608,0,0,0,0,0,131072,0,1,3195,6,6,0,78,32,0,0,0,0,15095,0,0,0,0,0,1
48076,71346,Big Love Rocket,21,269582608,0,0,0,67108864,0,131072,0,1,3195,6,6,6,78,207,32,0,0,0,15095,0,0,0,0,0,1
48077,71347,Big Love Rocket,21,269844752,0,0,536870912,67108864,0,131072,0,1,3195,6,6,6,78,207,32,0,0,0,15095,0,0,0,0,0,1
48385,71810,Wrathful Gladiator's Frost Wyrm,21,269582608,0,0,0,67108864,0,131072,0,1,3913,6,6,6,78,207,32,0,0,0,13763,0,0,0,0,0,1
48680,72281,Invincible,21,286359824,0,0,0,0,0,131072,0,1,3005,6,6,0,78,32,0,0,0,0,0,0,0,0,0,0,1
48681,72282,Invincible,21,286359824,0,0,0,0,0,131072,0,1,3005,6,6,0,78,32,0,0,0,0,0,0,0,0,0,0,1
48682,72283,Invincible,21,286359824,0,0,0,67108864,0,131072,0,1,3005,6,6,6,78,32,207,0,0,0,0,0,0,0,0,0,1
48683,72284,Invincible,21,286359824,0,0,0,67108864,0,131072,0,1,3005,6,6,6,78,32,207,0,0,0,0,0,0,0,0,0,1
48685,72286,Invincible,21,269582608,0,0,0,0,0,131072,0,0,3005,6,6,77,78,4,0,0,0,0,1706,0,0,0,0,0,1
48993,72807,Icebound Frostbrood Vanquisher,21,269582608,0,0,0,67108864,0,131072,0,1,3913,6,6,6,78,207,32,0,0,0,7644,0,0,0,0,0,1
48994,72808,Bloodbathed Frostbrood Vanquisher,21,269582608,0,0,0,67108864,0,131072,0,1,3913,6,6,6,78,207,32,0,0,0,7644,0,0,0,0,0,1
49161,73313,Crimson Deathcharger,21,269778944,131072,524288,536870912,0,0,131072,0,0,3005,6,6,77,78,32,0,0,0,0,10825,0,15,0,0,0,32
49550,74854,Blazing Hippogryph,21,286359824,0,0,0,67108864,0,131072,0,1,2554,6,6,6,78,32,207,0,0,0,0,0,0,0,0,0,1
49551,74855,Blazing Hippogryph,21,286359824,0,0,0,67108864,0,131072,0,1,2554,6,6,6,78,32,207,0,0,0,0,0,0,0,0,0,1
49552,74856,Blazing Hippogryph,21,269582608,0,0,0,67108864,0,131072,0,0,2554,6,6,77,78,4,0,0,0,0,10091,0,0,0,0,0,1
49560,74918,Wooly White Rhino,21,269844752,0,0,536870912,0,0,131072,0,1,4242,6,6,0,78,32,0,0,0,0,5160,0,0,0,0,0,1
49742,75596,Frosty Flying Carpet,21,269844752,0,0,536870912,67108864,0,131072,0,0,4289,6,6,6,78,32,207,3908,0,0,12844,0,0,0,0,0,1
49745,75614,Celestial Steed,21,269582608,0,0,0,0,0,131072,0,0,4276,6,6,77,78,4,0,0,0,0,1703,0,0,0,0,0,1
49746,75617,Celestial Steed,21,286359824,0,0,0,67108864,0,131072,0,1,4276,6,6,6,78,32,207,0,0,0,0,0,0,0,0,0,1
49747,75618,Celestial Steed,21,286359824,0,0,0,67108864,0,131072,0,1,4276,6,6,6,78,32,207,0,0,0,0,0,0,0,0,0,1
49748,75619,Celestial Steed,21,286359824,0,0,0,0,0,131072,0,1,4276,6,6,0,78,32,0,0,0,0,0,0,0,0,0,0,1
49749,75620,Celestial Steed,21,286359824,0,0,0,0,0,131072,0,1,4276,6,6,0,78,32,0,0,0,0,0,0,0,0,0,0,1
49787,75953,X-53 Touring Rocket,21,268534032,1024,4,0,4,0,0,0,0,4286,6,6,0,236,4,0,0,0,0,0,0,0,0,0,0,1
49791,75957,X-53 Touring Rocket,21,269582608,0,0,0,67108864,0,131072,0,0,4286,6,6,6,78,32,207,0,0,0,0,0,0,0,0,0,1
49792,75972,X-53 Touring Rocket,21,269582608,0,0,0,67108864,0,131072,0,0,4286,6,6,6,78,32,207,0,0,0,0,0,0,0,0,0,1
49793,75973,X-53 Touring Rocket,21,269582608,0,0,0,67108864,0,131072,0,0,4286,6,6,77,78,4,0,0,0,0,9611,0,0,0,0,0,1
49808,76153,Celestial Steed,21,286359824,0,0,0,67108864,0,131072,0,1,4276,6,6,6,78,32,207,0,0,0,0,0,0,0,0,0,1
49809,76154,X-53 Touring Rocket,21,269582608,0,0,0,67108864,0,131072,0,0,4286,6,6,6,78,32,207,0,0,0,0,0,0,0,0,0,1
