id,score,stat_effects,duration_index,icon,active_icon,visual1,visual2,family,base_points,misc,misc_b,target_a,target_b,amplitude,trigger,school_mask,reasons,warnings
16734,95,1,21,98,0,0,0,0,1,3,0,1,0,0,0,1,exactly one MOD_PERCENT_STAT effect; no other active effects; no EffectTriggerSpell; not a periodic-trigger aura; has SpellIconID; permanent duration index 21; no proc chance/charges; generic SpellFamilyName,no SpellVisual
16735,95,1,21,98,0,0,0,0,1,3,0,1,0,0,0,1,exactly one MOD_PERCENT_STAT effect; no other active effects; no EffectTriggerSpell; not a periodic-trigger aura; has SpellIconID; permanent duration index 21; no proc chance/charges; generic SpellFamilyName,no SpellVisual
16736,95,1,21,98,0,0,0,0,1,3,0,1,0,0,0,1,exactly one MOD_PERCENT_STAT effect; no other active effects; no EffectTriggerSpell; not a periodic-trigger aura; has SpellIconID; permanent duration index 21; no proc chance/charges; generic SpellFamilyName,no SpellVisual
16737,95,1,21,98,0,0,0,0,1,3,0,1,0,0,0,1,exactly one MOD_PERCENT_STAT effect; no other active effects; no EffectTriggerSpell; not a periodic-trigger aura; has SpellIconID; permanent duration index 21; no proc chance/charges; generic SpellFamilyName,no SpellVisual
16738,95,1,21,98,0,0,0,0,1,3,0,1,0,0,0,1,exactly one MOD_PERCENT_STAT effect; no other active effects; no EffectTriggerSpell; not a periodic-trigger aura; has SpellIconID; permanent duration index 21; no proc chance/charges; generic SpellFamilyName,no SpellVisual
26035,90,1,30,63,232,7418,0,0,9,-1,0,21,0,0,0,1,exactly one MOD_PERCENT_STAT effect; no other active effects; no EffectTriggerSpell; not a periodic-trigger aura; has SpellIconID; has SpellVisual; no proc chance/charges; generic SpellFamilyName,duration index 30
26462,90,1,30,63,232,7458,0,0,9,-1,0,22,8,0,0,1,exactly one MOD_PERCENT_STAT effect; no other active effects; no EffectTriggerSpell; not a periodic-trigger aura; has SpellIconID; has SpellVisual; no proc chance/charges; generic SpellFamilyName,duration index 30
35956,90,1,3,1954,0,8416,0,0,-6,-1,0,22,7,0,0,64,exactly one MOD_PERCENT_STAT effect; no other active effects; no EffectTriggerSpell; not a periodic-trigger aura; has SpellIconID; has SpellVisual; no proc chance/charges; generic SpellFamilyName,duration index 3
42741,90,1,5,63,232,9632,0,0,9,-1,0,21,0,0,0,1,exactly one MOD_PERCENT_STAT effect; no other active effects; no EffectTriggerSpell; not a periodic-trigger aura; has SpellIconID; has SpellVisual; no proc chance/charges; generic SpellFamilyName,duration index 5
47426,90,1,1,1920,0,969,0,0,14,4,0,1,0,0,0,1,exactly one MOD_PERCENT_STAT effect; no other active effects; no EffectTriggerSpell; not a periodic-trigger aura; has SpellIconID; has SpellVisual; no proc chance/charges; generic SpellFamilyName,duration index 1
47427,90,1,1,1920,0,969,0,0,29,4,0,1,0,0,0,1,exactly one MOD_PERCENT_STAT effect; no other active effects; no EffectTriggerSpell; not a periodic-trigger aura; has SpellIconID; has SpellVisual; no proc chance/charges; generic SpellFamilyName,duration index 1
52467,90,1,8,147,0,372,0,0,4,2,0,1,0,0,0,1,exactly one MOD_PERCENT_STAT effect; no other active effects; no EffectTriggerSpell; not a periodic-trigger aura; has SpellIconID; has SpellVisual; no proc chance/charges; generic SpellFamilyName,duration index 8
58762,90,1,8,147,0,372,0,0,9,2,0,1,0,0,0,1,exactly one MOD_PERCENT_STAT effect; no other active effects; no EffectTriggerSpell; not a periodic-trigger aura; has SpellIconID; has SpellVisual; no proc chance/charges; generic SpellFamilyName,duration index 8
35874,85,3,21,456,0,0,0,0,9,-1,0,1,0,0,0,8,exactly one MOD_PERCENT_STAT effect; no EffectTriggerSpell; not a periodic-trigger aura; has SpellIconID; permanent duration index 21; no proc chance/charges; generic SpellFamilyName,has additional active effects; no SpellVisual
35912,85,3,21,125,0,0,0,0,9,-1,0,1,0,0,0,8,exactly one MOD_PERCENT_STAT effect; no EffectTriggerSpell; not a periodic-trigger aura; has SpellIconID; permanent duration index 21; no proc chance/charges; generic SpellFamilyName,has additional active effects; no SpellVisual
38734,85,3,21,535,0,0,0,0,9,-1,0,1,0,0,0,8,exactly one MOD_PERCENT_STAT effect; no EffectTriggerSpell; not a periodic-trigger aura; has SpellIconID; permanent duration index 21; no proc chance/charges; generic SpellFamilyName,has additional active effects; no SpellVisual
43358,85,1,32,494,0,39,0,0,-16,2,0,6,0,0,0,1,exactly one MOD_PERCENT_STAT effect; no other active effects; no EffectTriggerSpell; not a periodic-trigger aura; has SpellIconID; has SpellVisual; generic SpellFamilyName,duration index 32; proc fields are non-zero
49710,85,1,32,494,0,39,0,0,-16,2,0,6,0,0,0,1,exactly one MOD_PERCENT_STAT effect; no other active effects; no EffectTriggerSpell; not a periodic-trigger aura; has SpellIconID; has SpellVisual; generic SpellFamilyName,duration index 32; proc fields are non-zero
55867,85,1,9,2849,0,2716,0,0,-2,2,0,18,16,0,0,1,exactly one MOD_PERCENT_STAT effect; no other active effects; no EffectTriggerSpell; not a periodic-trigger aura; has SpellIconID; has SpellVisual; generic SpellFamilyName,duration index 9; proc fields are non-zero
58060,85,1,3,24,0,0,0,0,4,-1,0,1,0,0,0,1,exactly one MOD_PERCENT_STAT effect; no other active effects; no EffectTriggerSpell; not a periodic-trigger aura; has SpellIconID; no proc chance/charges; generic SpellFamilyName,no SpellVisual; duration index 3
63400,85,1,0,1,0,0,0,0,12,-1,0,1,0,0,0,1,exactly one MOD_PERCENT_STAT effect; no other active effects; no EffectTriggerSpell; not a periodic-trigger aura; has SpellIconID; no proc chance/charges; generic SpellFamilyName,no SpellVisual; duration index 0
15007,80,1,427,134,0,69,0,0,-76,-1,0,1,0,0,0,1,exactly one MOD_PERCENT_STAT effect; no EffectTriggerSpell; not a periodic-trigger aura; has SpellIconID; has SpellVisual; no proc chance/charges; generic SpellFamilyName,has additional active effects; duration index 427
29326,80,1,9,1739,0,7647,0,0,19,0,0,1,0,0,0,32,exactly one MOD_PERCENT_STAT effect; no EffectTriggerSpell; not a periodic-trigger aura; has SpellIconID; has SpellVisual; no proc chance/charges; generic SpellFamilyName,has additional active effects; duration index 9
36778,80,2,18,1986,0,27,0,0,-46,-1,0,6,0,0,0,32,exactly one MOD_PERCENT_STAT effect; no EffectTriggerSpell; not a periodic-trigger aura; has SpellIconID; has SpellVisual; no proc chance/charges; generic SpellFamilyName,has additional active effects; duration index 18
36782,80,2,18,1986,0,27,0,0,44,-1,0,1,0,0,0,32,exactly one MOD_PERCENT_STAT effect; no EffectTriggerSpell; not a periodic-trigger aura; has SpellIconID; has SpellVisual; no proc chance/charges; generic SpellFamilyName,has additional active effects; duration index 18
54651,80,2,28,1930,0,2519,0,0,-46,-1,0,6,0,0,0,4,exactly one MOD_PERCENT_STAT effect; no EffectTriggerSpell; not a periodic-trigger aura; has SpellIconID; has SpellVisual; no proc chance/charges; generic SpellFamilyName,has additional active effects; duration index 28
29540,75,2,8,228,0,185,0,0,-71,0,0,6,0,0,0,32,exactly one MOD_PERCENT_STAT effect; no EffectTriggerSpell; not a periodic-trigger aura; has SpellIconID; has SpellVisual; generic SpellFamilyName,has additional active effects; duration index 8; proc fields are non-zero
31971,75,2,31,165,0,36,0,0,-16,3,0,6,0,0,0,8,exactly one MOD_PERCENT_STAT effect; no EffectTriggerSpell; not a periodic-trigger aura; has SpellIconID; has SpellVisual; generic SpellFamilyName,has additional active effects; duration index 31; proc fields are non-zero
32132,75,2,31,165,0,36,0,0,-16,3,0,6,0,0,0,8,exactly one MOD_PERCENT_STAT effect; no EffectTriggerSpell; not a periodic-trigger aura; has SpellIconID; has SpellVisual; generic SpellFamilyName,has additional active effects; duration index 31; proc fields are non-zero
32903,75,3,3,264,0,1004,0,0,-11,0,0,6,0,0,0,8,exactly one MOD_PERCENT_STAT effect; no EffectTriggerSpell; not a periodic-trigger aura; has SpellIconID; has SpellVisual; generic SpellFamilyName,has additional active effects; duration index 3; proc fields are non-zero
34906,75,2,30,1680,0,212,0,0,4,-1,0,25,0,0,0,8,exactly one MOD_PERCENT_STAT effect; no EffectTriggerSpell; not a periodic-trigger aura; has SpellIconID; has SpellVisual; generic SpellFamilyName,has additional active effects; duration index 30; proc fields are non-zero
35325,75,3,3,2025,0,8302,0,0,9,1,0,6,0,0,0,8,exactly one MOD_PERCENT_STAT effect; no EffectTriggerSpell; not a periodic-trigger aura; has SpellIconID; has SpellVisual; generic SpellFamilyName,has additional active effects; duration index 3; proc fields are non-zero
35328,75,3,3,1929,0,8304,0,0,9,0,0,6,0,0,0,8,exactly one MOD_PERCENT_STAT effect; no EffectTriggerSpell; not a periodic-trigger aura; has SpellIconID; has SpellVisual; generic SpellFamilyName,has additional active effects; duration index 3; proc fields are non-zero
35331,75,3,3,2179,0,8305,0,0,-11,-1,0,6,0,0,0,8,exactly one MOD_PERCENT_STAT effect; no EffectTriggerSpell; not a periodic-trigger aura; has SpellIconID; has SpellVisual; generic SpellFamilyName,has additional active effects; duration index 3; proc fields are non-zero
44121,75,2,28,212,0,177,0,0,-11,-1,0,6,0,0,0,64,exactly one MOD_PERCENT_STAT effect; no EffectTriggerSpell; not a periodic-trigger aura; has SpellIconID; has SpellVisual; generic SpellFamilyName,has additional active effects; duration index 28; proc fields are non-zero
47299,75,3,1,329,0,9675,0,0,14,4,0,1,0,0,0,2,exactly one MOD_PERCENT_STAT effect; no EffectTriggerSpell; not a periodic-trigger aura; has SpellIconID; has SpellVisual; generic SpellFamilyName,has additional active effects; duration index 1; proc fields are non-zero
57759,75,2,9,3159,0,671,0,0,-6,-1,0,6,0,0,0,1,exactly one MOD_PERCENT_STAT effect; no EffectTriggerSpell; not a periodic-trigger aura; has SpellIconID; has SpellVisual; generic SpellFamilyName,has additional active effects; duration index 9; proc fields are non-zero
39533,70,2,25,150,0,0,0,0,-21,-1,0,1,0,0,0,1,exactly one MOD_PERCENT_STAT effect; no EffectTriggerSpell; not a periodic-trigger aura; has SpellIconID; generic SpellFamilyName,has additional active effects; no SpellVisual; duration index 25; proc fields are non-zero
23735,60,1,367,1595,0,7042,0,0,9,0,0,25,0,0,0,32,exactly one MOD_PERCENT_STAT effect; not a periodic-trigger aura; has SpellIconID; has SpellVisual; no proc chance/charges; generic SpellFamilyName,has additional active effects; has EffectTriggerSpell; duration index 367
23736,60,1,367,1595,0,7042,0,0,9,1,0,25,0,0,0,32,exactly one MOD_PERCENT_STAT effect; not a periodic-trigger aura; has SpellIconID; has SpellVisual; no proc chance/charges; generic SpellFamilyName,has additional active effects; has EffectTriggerSpell; duration index 367
23737,60,1,367,1595,0,7042,0,0,9,2,0,25,0,0,0,32,exactly one MOD_PERCENT_STAT effect; not a periodic-trigger aura; has SpellIconID; has SpellVisual; no proc chance/charges; generic SpellFamilyName,has additional active effects; has EffectTriggerSpell; duration index 367
23738,60,1,367,1595,0,7042,0,0,9,4,0,25,0,0,0,32,exactly one MOD_PERCENT_STAT effect; not a periodic-trigger aura; has SpellIconID; has SpellVisual; no proc chance/charges; generic SpellFamilyName,has additional active effects; has EffectTriggerSpell; duration index 367
23766,60,1,367,1595,0,7042,0,0,9,3,0,25,0,0,0,32,exactly one MOD_PERCENT_STAT effect; not a periodic-trigger aura; has SpellIconID; has SpellVisual; no proc chance/charges; generic SpellFamilyName,has additional active effects; has EffectTriggerSpell; duration index 367
35013,55,"1,2",4,207,0,279,0,0,-36,0,0,6,0,0,0,32,no EffectTriggerSpell; not a periodic-trigger aura; has SpellIconID; has SpellVisual; generic SpellFamilyName,2 MOD_PERCENT_STAT effects; has additional active effects; duration index 4; proc fields are non-zero
52352,55,2,8,147,0,372,0,0,-6,2,0,6,0,0,0,1,exactly one MOD_PERCENT_STAT effect; not a periodic-trigger aura; has SpellIconID; has SpellVisual; generic SpellFamilyName,has additional active effects; has EffectTriggerSpell; duration index 8; proc fields are non-zero
58758,55,2,8,147,0,372,0,0,-11,2,0,6,0,0,0,1,exactly one MOD_PERCENT_STAT effect; not a periodic-trigger aura; has SpellIconID; has SpellVisual; generic SpellFamilyName,has additional active effects; has EffectTriggerSpell; duration index 8; proc fields are non-zero
70393,55,2,8,147,0,372,0,0,-6,2,0,6,0,0,0,1,exactly one MOD_PERCENT_STAT effect; not a periodic-trigger aura; has SpellIconID; has SpellVisual; generic SpellFamilyName,has additional active effects; has EffectTriggerSpell; duration index 8; proc fields are non-zero
